{"cameraMode":{"drawMode":0,"name":"Shaded","section":"Shading Mode"},"sceneLighting":true,"audioPlay":false,"sceneViewState":{"m_AlwaysRefresh":false,"showFog":true,"showSkybox":true,"showFlares":true,"showImageEffects":true,"showParticleSystems":true,"showVisualEffectGraphs":true,"m_FxEnabled":true},"in2DMode":false,"pivot":{"x":-1.2674654722213746,"y":0.43030059337615969,"z":-0.07807543873786926},"rotation":{"x":-0.4419412910938263,"y":0.01397787593305111,"z":-0.006914489436894655,"w":-0.8969392776489258},"size":8.7008056640625,"orthographic":false}